network engineer: ,Tennessee:,171
network engineer: ,Kentucky:,94
network engineer: ,Michigan:,275
network engineer: ,Alaska:,95
network engineer: ,Virginia:,"3,306"
network engineer: ,Connecticut:,140
network engineer: ,Nebraska:,720
network engineer: ,Colorado:,"1,380"
network engineer: ,Texas:,"1,449"
network engineer: ,Missouri:,274
network engineer: ,Hawaii:,149
network engineer: ,Kansas:,131
network engineer: ,West Virginia:,104
network engineer: ,Utah:,226
network engineer: ,Arkansas:,51
network engineer: ,New York:,733
network engineer: ,California:,"2,353"
network engineer: ,Vermont:,40
network engineer: ,Idaho:,48
network engineer: ,Wisconsin:,204
network engineer: ,Minnesota:,212
network engineer: ,Florida:,790
network engineer: ,Maine:,46
network engineer: ,Illinois:,606
network engineer: ,South Carolina:,222
network engineer: ,Alabama:,285
network engineer: ,North Carolina:,514
network engineer: ,Rhode Island:,51
network engineer: ,Iowa:,109
network engineer: ,New Hampshire:,51
network engineer: ,Arizona:,419
network engineer: ,New Mexico:,110
network engineer: ,Pennsylvania:,501
network engineer: ,Oregon:,185
network engineer: ,Wyoming:,9
network engineer: ,Washington:,567
network engineer: ,Nevada:,83
network engineer: ,Delaware:,54
network engineer: ,Maryland:,"1,996"
network engineer: ,Montana:,37
network engineer: ,South Dakota:,32
network engineer: ,Georgia:,560
network engineer: ,Ohio:,506
network engineer: ,Oklahoma:,101
network engineer: ,Louisiana:,118
network engineer: ,New Jersey:,387
network engineer: ,Indiana:,157
network engineer: ,North Dakota:,19
network engineer: ,Mississippi:,60
network engineer: ,Massachusetts:,549
cybersecurity: ,Tennessee:,150
cybersecurity: ,Kentucky:,70
cybersecurity: ,Michigan:,260
cybersecurity: ,Alaska:,32
cybersecurity: ,Virginia:,"3,068"
cybersecurity: ,Connecticut:,144
cybersecurity: ,Nebraska:,61
cybersecurity: ,Colorado:,675
cybersecurity: ,Texas:,"1,467"
cybersecurity: ,Missouri:,250
cybersecurity: ,Hawaii:,95
cybersecurity: ,Kansas:,68
cybersecurity: ,West Virginia:,59
cybersecurity: ,Utah:,200
cybersecurity: ,Arkansas:,49
cybersecurity: ,New York:,787
cybersecurity: ,California:,"2,221"
cybersecurity: ,Vermont:,16
cybersecurity: ,Idaho:,40
cybersecurity: ,Wisconsin:,150
cybersecurity: ,Minnesota:,197
cybersecurity: ,Florida:,749
cybersecurity: ,Maine:,30
cybersecurity: ,Illinois:,630
cybersecurity: ,South Carolina:,206
cybersecurity: ,Alabama:,258
cybersecurity: ,North Carolina:,482
cybersecurity: ,Rhode Island:,50
cybersecurity: ,Iowa:,86
cybersecurity: ,New Hampshire:,44
cybersecurity: ,Arizona:,387
cybersecurity: ,New Mexico:,95
cybersecurity: ,Pennsylvania:,484
cybersecurity: ,Oregon:,145
cybersecurity: ,Wyoming:,6
cybersecurity: ,Washington:,562
cybersecurity: ,Nevada:,72
cybersecurity: ,Delaware:,70
cybersecurity: ,Maryland:,"1,600"
cybersecurity: ,Montana:,20
cybersecurity: ,South Dakota:,27
cybersecurity: ,Georgia:,584
cybersecurity: ,Ohio:,499
cybersecurity: ,Oklahoma:,84
cybersecurity: ,Louisiana:,103
cybersecurity: ,New Jersey:,417
cybersecurity: ,Indiana:,118
cybersecurity: ,North Dakota:,23
cybersecurity: ,Mississippi:,50
cybersecurity: ,Massachusetts:,607
help+desk: ,Tennessee:,"1,020"
help+desk: ,Kentucky:,517
help+desk: ,Michigan:,"1,442"
help+desk: ,Alaska:,155
help+desk: ,Virginia:,"2,094"
help+desk: ,Connecticut:,480
help+desk: ,Nebraska:,228
help+desk: ,Colorado:,"1,273"
help+desk: ,Texas:,"4,391"
help+desk: ,Missouri:,817
help+desk: ,Hawaii:,193
help+desk: ,Kansas:,376
help+desk: ,West Virginia:,177
help+desk: ,Utah:,579
help+desk: ,Arkansas:,254
help+desk: ,New York:,"2,517"
help+desk: ,California:,"5,111"
help+desk: ,Vermont:,124
help+desk: ,Idaho:,268
help+desk: ,Wisconsin:,687
help+desk: ,Minnesota:,828
help+desk: ,Florida:,"3,460"
help+desk: ,Maine:,174
help+desk: ,Illinois:,"1,813"
help+desk: ,South Carolina:,751
help+desk: ,Alabama:,665
help+desk: ,North Carolina:,"1,650"
help+desk: ,Rhode Island:,144
help+desk: ,Iowa:,361
help+desk: ,New Hampshire:,191
help+desk: ,Arizona:,"1,250"
help+desk: ,New Mexico:,191
help+desk: ,Pennsylvania:,"1,847"
help+desk: ,Oregon:,709
help+desk: ,Wyoming:,58
help+desk: ,Washington:,"1,052"
help+desk: ,Nevada:,381
help+desk: ,Delaware:,141
help+desk: ,Maryland:,"1,536"
help+desk: ,Montana:,135
help+desk: ,South Dakota:,89
help+desk: ,Georgia:,"1,435"
help+desk: ,Ohio:,"1,734"
help+desk: ,Oklahoma:,403
help+desk: ,Louisiana:,463
help+desk: ,New Jersey:,"1,270"
help+desk: ,Indiana:,868
help+desk: ,North Dakota:,104
help+desk: ,Mississippi:,241
help+desk: ,Massachusetts:,"1,328"
ccna: ,Tennessee:,76
ccna: ,Kentucky:,64
ccna: ,Michigan:,123
ccna: ,Alaska:,57
ccna: ,Virginia:,"1,282"
ccna: ,Connecticut:,44
ccna: ,Nebraska:,46
ccna: ,Colorado:,307
ccna: ,Texas:,582
ccna: ,Missouri:,87
ccna: ,Hawaii:,89
ccna: ,Kansas:,67
ccna: ,West Virginia:,46
ccna: ,Utah:,93
ccna: ,Arkansas:,35
ccna: ,New York:,242
ccna: ,California:,854
ccna: ,Vermont:,23
ccna: ,Idaho:,13
ccna: ,Wisconsin:,87
ccna: ,Minnesota:,63
ccna: ,Florida:,412
ccna: ,Maine:,13
ccna: ,Illinois:,312
ccna: ,South Carolina:,121
ccna: ,Alabama:,143
ccna: ,North Carolina:,222
ccna: ,Rhode Island:,16
ccna: ,Iowa:,53
ccna: ,New Hampshire:,18
ccna: ,Arizona:,187
ccna: ,New Mexico:,61
ccna: ,Pennsylvania:,188
ccna: ,Oregon:,69
ccna: ,Wyoming:,5
ccna: ,Washington:,125
ccna: ,Nevada:,59
ccna: ,Delaware:,26
ccna: ,Maryland:,846
ccna: ,Montana:,15
ccna: ,South Dakota:,12
ccna: ,Georgia:,253
ccna: ,Ohio:,215
ccna: ,Oklahoma:,47
ccna: ,Louisiana:,84
ccna: ,New Jersey:,124
ccna: ,Indiana:,70
ccna: ,North Dakota:,7
ccna: ,Mississippi:,39
ccna: ,Massachusetts:,177
comptia: ,Tennessee:,64
comptia: ,Kentucky:,62
comptia: ,Michigan:,85
comptia: ,Alaska:,46
comptia: ,Virginia:,"1,006"
comptia: ,Connecticut:,39
comptia: ,Nebraska:,36
comptia: ,Colorado:,153
comptia: ,Texas:,375
comptia: ,Missouri:,85
comptia: ,Hawaii:,69
comptia: ,Kansas:,39
comptia: ,West Virginia:,34
comptia: ,Utah:,66
comptia: ,Arkansas:,17
comptia: ,New York:,154
comptia: ,California:,584
comptia: ,Vermont:,6
comptia: ,Idaho:,5
comptia: ,Wisconsin:,48
comptia: ,Minnesota:,54
comptia: ,Florida:,286
comptia: ,Maine:,11
comptia: ,Illinois:,160
comptia: ,South Carolina:,80
comptia: ,Alabama:,166
comptia: ,North Carolina:,193
comptia: ,Rhode Island:,13
comptia: ,Iowa:,24
comptia: ,New Hampshire:,15
comptia: ,Arizona:,137
comptia: ,New Mexico:,57
comptia: ,Pennsylvania:,118
comptia: ,Oregon:,35
comptia: ,Wyoming:,3
comptia: ,Washington:,119
comptia: ,Nevada:,32
comptia: ,Delaware:,40
comptia: ,Maryland:,550
comptia: ,Montana:,6
comptia: ,South Dakota:,3
comptia: ,Georgia:,198
comptia: ,Ohio:,191
comptia: ,Oklahoma:,61
comptia: ,Louisiana:,92
comptia: ,New Jersey:,96
comptia: ,Indiana:,48
comptia: ,North Dakota:,5
comptia: ,Mississippi:,23
comptia: ,Massachusetts:,104
azure: ,Tennessee:,284
azure: ,Kentucky:,194
azure: ,Michigan:,433
azure: ,Alaska:,11
azure: ,Virginia:,"2,063"
azure: ,Connecticut:,249
azure: ,Nebraska:,97
azure: ,Colorado:,729
azure: ,Texas:,"2,441"
azure: ,Missouri:,383
azure: ,Hawaii:,33
azure: ,Kansas:,111
azure: ,West Virginia:,47
azure: ,Utah:,274
azure: ,Arkansas:,97
azure: ,New York:,"1,247"
azure: ,California:,"3,425"
azure: ,Vermont:,29
azure: ,Idaho:,57
azure: ,Wisconsin:,308
azure: ,Minnesota:,494
azure: ,Florida:,"1,040"
azure: ,Maine:,51
azure: ,Illinois:,"1,317"
azure: ,South Carolina:,140
azure: ,Alabama:,162
azure: ,North Carolina:,966
azure: ,Rhode Island:,64
azure: ,Iowa:,136
azure: ,New Hampshire:,68
azure: ,Arizona:,481
azure: ,New Mexico:,41
azure: ,Pennsylvania:,832
azure: ,Oregon:,340
azure: ,Wyoming:,18
azure: ,Washington:,"1,921"
azure: ,Nevada:,93
azure: ,Delaware:,49
azure: ,Maryland:,920
azure: ,Montana:,28
azure: ,South Dakota:,27
azure: ,Georgia:,"1,022"
azure: ,Ohio:,676
azure: ,Oklahoma:,70
azure: ,Louisiana:,84
azure: ,New Jersey:,651
azure: ,Indiana:,263
azure: ,North Dakota:,25
azure: ,Mississippi:,32
azure: ,Massachusetts:,"1,094"
aws: ,Tennessee:,427
aws: ,Kentucky:,145
aws: ,Michigan:,549
aws: ,Alaska:,13
aws: ,Virginia:,"5,043"
aws: ,Connecticut:,364
aws: ,Nebraska:,122
aws: ,Colorado:,"1,356"
aws: ,Texas:,"3,689"
aws: ,Missouri:,493
aws: ,Hawaii:,35
aws: ,Kansas:,138
aws: ,West Virginia:,80
aws: ,Utah:,494
aws: ,Arkansas:,68
aws: ,New York:,"2,891"
aws: ,California:,"7,966"
aws: ,Vermont:,45
aws: ,Idaho:,78
aws: ,Wisconsin:,338
aws: ,Minnesota:,534
aws: ,Florida:,"1,262"
aws: ,Maine:,82
aws: ,Illinois:,"1,779"
aws: ,South Carolina:,221
aws: ,Alabama:,185
aws: ,North Carolina:,"1,187"
aws: ,Rhode Island:,72
aws: ,Iowa:,185
aws: ,New Hampshire:,89
aws: ,Arizona:,595
aws: ,New Mexico:,71
aws: ,Pennsylvania:,"1,157"
aws: ,Oregon:,566
aws: ,Wyoming:,13
aws: ,Washington:,"4,245"
aws: ,Nevada:,120
aws: ,Delaware:,84
aws: ,Maryland:,"1,774"
aws: ,Montana:,35
aws: ,South Dakota:,27
aws: ,Georgia:,"1,339"
aws: ,Ohio:,731
aws: ,Oklahoma:,99
aws: ,Louisiana:,150
aws: ,New Jersey:,980
aws: ,Indiana:,304
aws: ,North Dakota:,39
aws: ,Mississippi:,37
aws: ,Massachusetts:,"2,004"
ethical+hacker: ,Tennessee:,6
ethical+hacker: ,Kentucky:,2
ethical+hacker: ,Michigan:,10
